date,temperature_2m,apparent_temperature,precipitation,rain,relative_humidity_2m,cloud_cover,is_weekend,apparent_temperature_rolling_avg,rain_rolling_avg,precipitation_rolling_avg,cloud_cover_rolling_avg
2024-12-31 00:00:00+01:00,1.267,-3.520907,0.0,0.0,93.72261,100.0,False,,,,
2025-01-01 00:00:00+01:00,3.1045,-2.2226725,0.0,0.0,85.26505,93.583336,False,,,,
2025-01-02 00:00:00+01:00,3.0753334,-0.32515392,18.5,13.099999,94.490364,99.5,False,-2.022911101579666,4.366666475931804,6.166666666666667,97.69444529215495
2025-01-03 00:00:00+01:00,0.23366666,-3.898327,0.1,0.0,86.11314,80.75,False,-2.4917651042342186,3.2749998569488525,4.650000000372529,93.45833396911621
2025-01-06 00:00:00+01:00,9.37325,4.493859,4.7,4.7,78.88586,94.208336,False,-1.0946403205394746,3.5599998474121093,4.65999996215105,93.60833435058593
2025-01-07 00:00:00+01:00,3.9607499,-1.3542322,3.9,2.9,83.5734,70.208336,False,-0.6613053739070892,4.139999866485596,5.4399999812245365,87.6500015258789
2025-01-08 00:00:00+01:00,3.31075,-0.23245656,15.9,11.3,93.17899,96.541664,False,-0.2632621943950653,6.399999904632568,8.61999990493059,88.24166717529297
2025-01-09 00:00:00+01:00,5.4899163,1.2686939,11.6,9.8,91.47707,82.666664,False,0.05550737380981445,5.740000057220459,7.239999981224537,84.875
2025-01-10 00:00:00+01:00,0.30449998,-3.428955,0.0,0.0,88.7996,63.083332,False,0.14938178062438964,5.740000057220459,7.219999980926514,81.34166641235352
2025-01-13 00:00:00+01:00,-1.9913334,-5.926178,0.0,0.0,81.25934,14.666667,False,-1.9346255779266357,4.800000095367432,6.280000019073486,65.43333263397217
2025-01-14 00:00:00+01:00,-1.8100833,-5.0855765,0.0,0.0,75.21003,18.958334,False,-2.680894446372986,4.220000076293945,5.5,55.18333225250244
2025-01-15 00:00:00+01:00,2.8607502,0.22528756,0.0,0.0,89.221535,97.291664,False,-2.589345622062683,1.9600000381469727,2.3200000762939452,55.333332252502444
2025-01-16 00:00:00+01:00,2.242,-1.0270373,0.0,0.0,92.38921,54.958332,False,-3.048491859436035,0.0,0.0,49.79166584014892
2025-01-17 00:00:00+01:00,-0.29550004,-3.6372764,0.0,0.0,92.45715,39.041668,False,-3.0901561260223387,0.0,0.0,44.98333301544189
2025-01-20 00:00:00+01:00,-0.69341666,-3.848901,0.0,0.0,87.77009,85.375,False,-2.6747007369995117,0.0,0.0,59.124999618530275
2025-01-21 00:00:00+01:00,-0.72674996,-3.5263364,0.0,0.0,86.799774,56.875,False,-2.3628527164459228,0.0,0.0,66.70833282470703
2025-01-22 00:00:00+01:00,1.9128333,-1.6609473,1.7,1.7,86.411095,99.75,False,-2.7400996923446654,0.34000000953674314,0.34000000953674314,67.2
2025-01-23 00:00:00+01:00,4.3461666,0.12865819,8.4,7.2,89.8859,96.375,False,-2.5089606016874315,1.7799999713897705,2.019999933242798,75.48333358764648
2025-01-24 00:00:00+01:00,7.0920005,2.7590697,4.1,4.1,81.74191,99.791664,False,-1.229691383242607,2.599999952316284,2.8399999141693115,87.63333282470703
2025-01-27 00:00:00+01:00,9.219084,4.7836795,10.2,10.2,85.96527,98.125,False,0.49682472050189974,4.639999914169311,4.879999876022339,90.18333282470704
2025-01-28 00:00:00+01:00,7.2753334,2.761062,1.8000001,1.8000001,82.59579,98.916664,False,1.7543043881654738,4.999999928474426,5.239999890327454,98.59166564941407
2025-01-29 00:00:00+01:00,6.937834,2.799353,10.2,9.8,84.93514,95.333336,False,2.646364429593086,6.619999957084656,6.939999842643738,97.70833282470703
2025-01-30 00:00:00+01:00,6.4274173,3.4887292,1.9,1.9,88.86142,91.75,False,3.3183786392211916,5.559999990463257,5.639999914169311,96.78333282470703
2025-01-31 00:00:00+01:00,2.267,-0.5488768,0.0,0.0,84.59174,69.125,False,2.6567893385887147,4.740000009536743,4.819999933242798,90.65
2025-02-03 00:00:00+01:00,-0.283,-3.2213066,0.0,0.0,85.17477,27.25,False,1.0557921290397645,2.700000047683716,2.7799999713897705,76.475
2025-02-04 00:00:00+01:00,-1.3579999,-4.981686,0.0,0.0,88.78992,67.083336,False,-0.49275747537612913,2.340000033378601,2.4199999570846558,70.10833435058593
2025-02-05 00:00:00+01:00,0.64825004,-2.2895792,0.2,0.2,93.53559,90.25,False,-1.5105438828468323,0.4199999958276749,0.4199999958276749,69.09166717529297
2025-02-06 00:00:00+01:00,2.7211666,-1.5499476,0.0,0.0,84.77224,100.0,False,-2.518279254436493,0.04000000059604645,0.04000000059604645,70.74166717529297
2025-02-07 00:00:00+01:00,3.1899166,-1.1434397,0.0,0.0,76.07726,99.333336,False,-2.637191820144653,0.04000000059604645,0.04000000059604645,76.78333435058593
2025-02-10 00:00:00+01:00,2.9774168,-0.4345099,6.1,5.2,94.49421,99.625,False,-2.079832488298416,1.0799999624490737,1.2599999815225602,91.25833435058594
2025-02-11 00:00:00+01:00,3.6461668,0.22695895,0.2,0.2,86.75451,68.5,False,-1.0381034761667252,1.1199999630451203,1.2999999821186066,91.54166717529297
2025-02-12 00:00:00+01:00,1.3815833,-1.4262093,0.0,0.0,84.50022,39.166668,False,-0.8654295116662979,1.0799999624490737,1.2599999815225602,81.32500076293945
2025-02-13 00:00:00+01:00,1.9440833,-1.5501857,0.8,0.5,81.90379,94.083336,False,-0.8654771238565445,1.1799999624490738,1.4199999839067459,80.14166793823242
2025-02-14 00:00:00+01:00,0.37116668,-3.7419498,0.0,0.0,73.7853,94.5,False,-1.385179153084755,1.1799999624490738,1.4199999839067459,79.17500076293945
2025-02-17 00:00:00+01:00,-0.908,-5.223965,0.0,0.0,70.35471,17.375,False,-2.3430702060461046,0.14000000059604645,0.20000000298023224,62.72500076293945
2025-02-18 00:00:00+01:00,-0.63925,-5.132586,0.0,0.0,60.652893,30.5,False,-3.4149791955947877,0.1,0.1600000023841858,55.12500076293945
2025-02-19 00:00:00+01:00,0.9336667,-3.0321977,0.0,0.0,60.50673,80.083336,False,-3.736176872253418,0.1,0.1600000023841858,63.30833435058594
2025-02-20 00:00:00+01:00,5.239917,2.4558957,0.5,0.5,87.33579,91.083336,False,-2.9349606037139893,0.1,0.1,62.708334350585936
2025-02-21 00:00:00+01:00,10.1295,7.9913273,0.2,0.2,85.06692,94.083336,False,-0.5883051872253418,0.14000000059604645,0.14000000059604645,62.62500152587891
2025-02-24 00:00:00+01:00,9.539917,6.5084424,1.4,1.4,84.306,99.375,False,1.758176326751709,0.4199999958276749,0.4199999958276749,79.0250015258789
2025-02-25 00:00:00+01:00,8.233666,6.46393,4.5,4.5,93.96784,96.25,False,4.077479553222656,1.319999995827675,1.319999995827675,92.17500152587891
2025-02-26 00:00:00+01:00,6.858667,3.158929,2.0,2.0,77.698715,91.291664,False,5.3157049179077145,1.7199999958276748,1.7199999958276748,94.41666717529297
2025-02-27 00:00:00+01:00,5.0899167,1.439073,3.8,3.7,88.10758,72.916664,False,5.112340378761291,2.360000005364418,2.379999986290932,90.78333282470703
2025-02-28 00:00:00+01:00,4.3711667,0.9323167,1.9,1.7,83.67835,70.083336,False,3.7005382657051085,2.6600000143051146,2.719999980926514,85.98333282470703
2025-03-03 00:00:00+01:00,3.7836666,0.8252925,0.0,0.0,76.51439,16.708334,False,2.5639082908630373,2.3800000190734862,2.439999985694885,69.44999961853027
2025-03-04 00:00:00+01:00,5.514917,2.8935251,0.0,0.0,71.06418,59.166668,False,1.8498272895812988,1.4800000190734863,1.5399999856948852,62.033333206176756
2025-03-05 00:00:00+01:00,5.33575,2.8640788,0.0,0.0,73.038635,0.0,False,1.7908572196960448,1.0800000190734864,1.1399999856948853,43.775000381469724
2025-03-06 00:00:00+01:00,7.5961666,4.7177424,0.0,0.0,68.5364,4.9583335,False,2.446591114997864,0.34000000953674314,0.3799999952316284,30.183334255218504
2025-03-07 00:00:00+01:00,8.667001,5.9570184,0.0,0.0,66.257225,20.291666,False,3.451531445980072,0.0,0.0,20.225000286102294
2025-03-10 00:00:00+01:00,9.121167,6.6128774,0.0,0.0,74.90675,93.166664,False,4.6090484142303465,0.0,0.0,35.51666631698608
2025-03-11 00:00:00+01:00,8.125334,6.170378,2.2,2.2,90.14056,95.666664,False,5.264419031143189,0.4400000095367432,0.4400000095367432,42.81666555404663
2025-03-12 00:00:00+01:00,5.637833,2.618817,0.0,0.0,70.964485,93.916664,False,5.215366697311401,0.4400000095367432,0.4400000095367432,61.59999837875366
2025-03-13 00:00:00+01:00,2.7065833,-0.47696948,3.9,3.9,90.26963,93.25,False,4.176424312591553,1.2200000286102295,1.2200000286102295,79.25833168029786
2025-03-14 00:00:00+01:00,3.308667,-0.06928113,0.4,0.4,79.71596,74.708336,False,2.9711644113063813,1.3000000298023224,1.3000000298023224,90.14166564941407
2025-03-17 00:00:00+01:00,3.7003334,-0.5253591,0.1,0.1,66.10444,34.0,False,1.5435171186923982,1.3200000301003456,1.3200000301003456,78.30833282470704
2025-03-18 00:00:00+01:00,3.7649167,-0.5922061,0.0,0.0,53.865326,0.0,False,0.19100025296211243,0.8800000205636025,0.8800000205636025,59.175
2025-03-19 00:00:00+01:00,6.2690835,3.5620134,0.0,0.0,66.5362,0.083333336,False,0.3796395123004913,0.8800000205636025,0.8800000205636025,40.408333842456344
2025-03-20 00:00:00+01:00,9.971167,7.528626,0.0,0.0,68.07194,14.25,False,1.9807586014270782,0.10000000149011612,0.10000000149011612,24.60833384245634
2025-03-21 00:00:00+01:00,13.414917,10.93727,0.0,0.0,61.08189,77.916664,False,4.182068860530853,0.020000000298023225,0.020000000298023225,25.249999491870405
2025-03-24 00:00:00+01:00,10.269084,8.5490465,0.0,0.0,75.25239,48.958332,False,5.996949982643128,0.0,0.0,28.241665904223918
2025-03-25 00:00:00+01:00,9.583667,7.538319,0.0,0.0,78.670586,74.5,False,7.623055028915405,0.0,0.0,43.14166590422392
2025-03-26 00:00:00+01:00,8.72325,6.102135,3.9,3.9,79.44318,69.666664,False,8.131079387664794,0.7800000190734864,0.7800000190734864,57.05833206176758
2025-03-27 00:00:00+01:00,8.039917,5.6468444,0.0,0.0,78.27105,0.375,False,7.754723072052002,0.7800000190734864,0.7800000190734864,54.28333206176758
2025-03-28 00:00:00+01:00,8.633667,6.707405,0.0,0.0,75.91588,8.25,False,6.908750057220459,0.7800000190734864,0.7800000190734864,40.349999237060544
2025-03-31 00:00:00+02:00,8.1545,4.5736594,0.0,0.0,66.97071,76.125,False,6.1136726379394535,0.7800000190734864,0.7800000190734864,45.78333282470703
2025-04-01 00:00:00+02:00,6.9795,2.703193,0.3,0.3,68.65887,21.875,False,5.14664740562439,0.8400000214576722,0.8400000214576722,35.25833282470703
2025-04-02 00:00:00+02:00,10.710751,6.3929086,0.0,0.0,61.004726,8.5,False,5.204802083969116,0.06000000238418579,0.06000000238418579,23.025
2025-04-03 00:00:00+02:00,12.679501,10.509767,0.0,0.0,66.23649,7.75,False,6.177386522293091,0.06000000238418579,0.06000000238418579,24.5
2025-04-04 00:00:00+02:00,12.942,10.718127,0.0,0.0,65.50837,0.0,False,6.979530954360962,0.06000000238418579,0.06000000238418579,22.85
2025-04-07 00:00:00+02:00,6.13575,2.461313,0.0,0.0,59.745686,2.4583333,False,6.557061672210693,0.06000000238418579,0.06000000238418579,8.116666650772094
2025-04-08 00:00:00+02:00,8.194083,5.2213626,0.0,0.0,65.014885,30.916666,False,7.060695600509644,0.0,0.0,9.924999856948853
2025-04-09 00:00:00+02:00,9.308667,6.6833177,0.0,0.0,68.47675,39.125,False,7.118777418136597,0.0,0.0,16.04999985694885
2025-04-10 00:00:00+02:00,8.050334,5.408358,0.0,0.0,77.474525,60.833332,False,6.098495721817017,0.0,0.0,26.666666269302368
2025-04-11 00:00:00+02:00,9.921166,8.500759,0.0,0.0,75.43511,2.125,False,5.655022096633911,0.0,0.0,27.09166626930237
2025-04-14 00:00:00+02:00,12.954499,11.619515,0.0,0.0,74.85938,35.625,False,7.486662578582764,0.0,0.0,33.724999618530276
2025-04-15 00:00:00+02:00,13.375333,12.347722,2.5,2.5,83.304535,76.833336,False,8.91193447113037,0.5,0.5,42.90833358764648
2025-04-16 00:00:00+02:00,10.619083,9.450555,10.200001,10.200001,94.059654,98.083336,False,9.465381908416749,2.540000152587891,2.540000152587891,54.70000076293945
2025-04-17 00:00:00+02:00,7.6315837,4.823972,13.0,13.0,90.84878,100.0,False,9.348504734039306,5.1400001525878904,5.1400001525878904,62.53333435058594
2025-04-18 00:00:00+02:00,8.025333,5.826452,9.9,9.9,82.890785,83.875,False,8.813643264770509,7.1200000762939455,7.1200000762939455,78.88333435058594
2025-04-21 00:00:00+02:00,9.702416,7.6264443,2.5,2.5,83.7114,61.75,False,8.015029048919677,7.6200000762939455,7.6200000762939455,84.10833435058593
2025-04-22 00:00:00+02:00,11.721168,10.592425,1.3000001,1.3000001,83.87258,79.25,False,7.663969707489014,7.38000009059906,7.38000009059906,84.59166717529297
2025-04-23 00:00:00+02:00,11.019084,9.847852,4.5,4.5,87.57752,84.541664,False,7.74342908859253,6.239999938011169,6.239999938011169,81.88333282470703
2025-04-24 00:00:00+02:00,9.219083,7.7356715,5.7,5.7,93.068535,89.125,False,8.325768947601318,4.779999899864197,4.779999899864197,79.70833282470703
2025-04-25 00:00:00+02:00,11.767001,9.508079,0.0,0.0,79.82285,65.708336,False,9.0620943069458,2.799999976158142,2.799999976158142,76.075
2025-04-28 00:00:00+02:00,13.99825,12.706275,0.0,0.0,69.76455,0.0,False,10.07806043624878,2.299999976158142,2.299999976158142,63.725
2025-04-29 00:00:00+02:00,14.839916,13.091664,0.0,0.0,65.47019,8.75,False,10.57790822982788,2.0399999618530273,2.0399999618530273,49.625
2025-04-30 00:00:00+02:00,16.175333,15.383606,0.0,0.0,67.90414,11.75,False,11.685059070587158,1.1399999618530274,1.1399999618530274,35.06666717529297
2025-05-01 00:00:00+02:00,17.421167,17.232763,0.0,0.0,67.016396,2.875,False,13.584477424621582,0.0,0.0,17.81666717529297
2025-05-02 00:00:00+02:00,18.867,18.876436,0.0,0.0,68.01002,41.333332,False,15.458148956298828,0.0,0.0,12.941666412353516
2025-05-05 00:00:00+02:00,9.5295,5.8966784,0.0,0.0,69.49198,46.583332,False,14.096229648590088,0.0,0.0,22.258332824707033
2025-05-06 00:00:00+02:00,10.217,6.869901,0.0,0.0,69.31006,71.666664,False,12.851877021789551,0.0,0.0,34.84166564941406
2025-05-07 00:00:00+02:00,10.985749,8.169199,0.0,0.0,72.3833,57.875,False,11.408995628356934,0.0,0.0,44.06666564941406
2025-05-08 00:00:00+02:00,11.206584,7.981085,0.1,0.1,62.85205,63.125,False,9.558659934997559,0.020000000298023225,0.020000000298023225,56.11666564941406
2025-05-09 00:00:00+02:00,11.735749,8.309636,0.0,0.0,53.93095,9.958333,False,7.445299911499023,0.020000000298023225,0.020000000298023225,49.84166584014893
2025-05-12 00:00:00+02:00,17.38575,15.487178,0.0,0.0,49.096912,20.916666,False,9.36339979171753,0.020000000298023225,0.020000000298023225,44.70833263397217
2025-05-13 00:00:00+02:00,15.992001,13.996842,0.0,0.0,53.207615,0.125,False,10.788788032531738,0.020000000298023225,0.020000000298023225,30.399999809265136
2025-05-14 00:00:00+02:00,17.025333,15.43026,0.0,0.0,49.47019,13.75,False,12.241000175476074,0.020000000298023225,0.020000000298023225,21.574999809265137
2025-05-15 00:00:00+02:00,14.337833,11.22215,0.0,0.0,53.730267,52.583332,False,12.889213180541992,0.0,0.0,19.466666221618652
2025-05-16 00:00:00+02:00,13.481584,10.728378,0.0,0.0,48.297333,13.541667,False,13.372961616516113,0.0,0.0,20.183333015441896
2025-05-19 00:00:00+02:00,14.887834,12.724754,0.0,0.0,57.15958,14.583333,False,12.820476913452149,0.0,0.0,18.916666412353514
2025-05-20 00:00:00+02:00,17.417,15.401477,0.0,0.0,52.193356,27.0,False,13.10140380859375,0.0,0.0,24.291666412353514
2025-05-21 00:00:00+02:00,16.983667,15.180417,0.1,0.1,50.80325,94.333336,False,13.051435279846192,0.020000000298023225,0.020000000298023225,40.40833358764648
2025-05-22 00:00:00+02:00,13.277417,10.303569,0.70000005,0.70000005,59.34964,46.291668,False,12.867719078063965,0.1600000098347664,0.1600000098347664,39.150000762939456
2025-05-23 00:00:00+02:00,10.296166,6.939392,0.2,0.2,56.09831,51.333332,False,12.109921836853028,0.20000001043081284,0.20000001043081284,46.708333778381345
2025-05-26 00:00:00+02:00,13.308666,11.012877,0.1,0.1,72.91699,70.958336,False,11.767546463012696,0.22000001072883607,0.22000001072883607,57.983334350585935
2025-05-27 00:00:00+02:00,14.946167,12.558335,0.70000005,0.70000005,71.894745,86.416664,False,11.19891815185547,0.3600000202655792,0.3600000202655792,69.86666717529297
2025-05-28 00:00:00+02:00,15.429501,13.588834,13.1,13.1,86.2658,78.875,False,10.880601501464843,2.9600000962615014,2.9600000962615014,66.775
2025-05-29 00:00:00+02:00,15.4045,14.363025,0.0,0.0,77.99995,96.625,False,11.69249267578125,2.8200000867247583,2.8200000867247583,76.84166641235352
2025-05-30 00:00:00+02:00,20.262835,20.504745,0.0,0.0,70.236916,28.0,False,14.405563354492188,2.7800000861287115,2.7800000861287115,72.175
2025-06-02 00:00:00+02:00,16.327417,15.559227,0.1,0.1,70.54929,66.666664,False,15.31483325958252,2.7800000861287115,2.7800000861287115,71.31666564941406
2025-06-03 00:00:00+02:00,17.54825,16.292376,0.1,0.1,66.75003,31.875,False,16.06164131164551,2.660000076889992,2.660000076889992,60.40833282470703
2025-06-04 00:00:00+02:00,17.935751,17.34515,3.0,3.0,78.77069,85.75,False,16.81290454864502,0.6400000005960464,0.6400000005960464,61.78333282470703
2025-06-05 00:00:00+02:00,16.062834,14.048873,4.0,4.0,78.23168,74.708336,False,16.750074195861817,1.4400000005960465,1.4400000005960465,57.4
2025-06-06 00:00:00+02:00,16.498251,14.96065,20.6,20.6,81.139305,81.541664,False,15.641255187988282,5.560000076889992,5.560000076889992,68.10833282470703
2025-06-09 00:00:00+02:00,13.516999,12.009994,0.0,0.0,72.07234,54.541668,False,14.931408500671386,5.540000076591968,5.540000076591968,65.68333358764649
2025-06-10 00:00:00+02:00,16.502417,15.22626,0.0,0.0,72.140785,79.875,False,14.718185424804688,5.520000076293945,5.520000076293945,75.28333358764648
2025-06-11 00:00:00+02:00,17.742,16.993187,0.0,0.0,63.277893,23.833334,False,14.64779281616211,4.920000076293945,4.920000076293945,62.900000381469724
2025-06-12 00:00:00+02:00,22.027418,20.872835,0.0,0.0,50.460186,33.791668,False,16.012585258483888,4.1200000762939455,4.1200000762939455,54.716666793823244
2025-06-13 00:00:00+02:00,25.400331,26.124998,0.0,0.0,52.822598,46.916668,False,18.245454788208008,0.0,0.0,47.7916675567627
2025-06-16 00:00:00+02:00,18.89825,18.595797,0.0,0.0,64.294975,42.333332,False,19.562615394592285,0.0,0.0,45.35000038146973
2025-06-17 00:00:00+02:00,20.577417,20.548332,0.0,0.0,60.813156,14.25,False,20.627029800415038,0.0,0.0,32.22500038146973
2025-06-18 00:00:00+02:00,21.994085,22.17372,0.0,0.0,57.67456,10.833333,False,21.663136291503907,0.0,0.0,29.625000190734863
2025-06-19 00:00:00+02:00,21.981583,21.40077,0.0,0.0,56.985302,0.0,False,21.76872329711914,0.0,0.0,22.86666660308838
2025-06-20 00:00:00+02:00,21.046167,19.74697,0.0,0.0,52.570362,33.916668,False,20.49311752319336,0.0,0.0,20.266666603088378
2025-06-23 00:00:00+02:00,19.956583,19.194962,0.8,0.8,69.85815,59.833332,False,20.61295051574707,0.1600000023841858,0.1600000023841858,23.766666603088378
2025-06-24 00:00:00+02:00,18.589918,17.112871,0.0,0.0,60.485332,1.625,False,19.925858306884766,0.1600000023841858,0.1600000023841858,21.24166660308838
2025-06-25 00:00:00+02:00,23.921167,24.551546,0.0,0.0,56.952595,28.833334,False,20.40142364501953,0.1600000023841858,0.1600000023841858,24.841666793823244
2025-06-26 00:00:00+02:00,21.227417,21.689201,10.4,10.4,80.05265,74.458336,False,20.45910987854004,2.2399999260902406,2.2399999260902406,39.73333396911621
2025-06-27 00:00:00+02:00,20.912834,21.887314,2.3,2.3,78.84394,78.333336,False,20.887178802490233,2.699999916553497,2.699999916553497,48.61666755676269
2025-06-30 00:00:00+02:00,26.594084,27.690622,0.0,0.0,57.210514,20.416666,False,22.586310958862306,2.5399999141693117,2.5399999141693117,40.733334350585935
2025-07-01 00:00:00+02:00,27.802416,29.586214,0.0,0.0,51.477024,7.0416665,False,25.080979537963866,2.5399999141693117,2.5399999141693117,41.81666765213013
2025-07-02 00:00:00+02:00,28.931581,30.190788,0.0,0.0,49.69449,21.666666,False,26.20882797241211,2.5399999141693117,2.5399999141693117,40.38333406448364
2025-07-03 00:00:00+02:00,21.600334,20.668436,0.0,0.0,53.89462,15.25,False,26.004674911499023,0.45999999046325685,0.45999999046325685,28.541666889190672
2025-07-04 00:00:00+02:00,20.471167,19.52597,0.0,0.0,49.44016,31.375,False,25.53240623474121,0.0,0.0,19.149999713897706
2025-07-07 00:00:00+02:00,16.187834,15.6501,15.3,15.3,87.1085,94.041664,False,23.124301719665528,3.0600000381469727,3.0600000381469727,33.874999332427976
2025-07-08 00:00:00+02:00,14.156583,12.785462,3.7,3.7,77.88349,56.958332,False,19.76415138244629,3.800000047683716,3.800000047683716,43.8583324432373
2025-07-09 00:00:00+02:00,16.087833,14.951725,0.0,0.0,68.75945,33.166668,False,16.7163387298584,3.800000047683716,3.800000047683716,46.15833282470703
2025-07-10 00:00:00+02:00,18.806583,18.485825,0.0,0.0,62.87642,22.291666,False,16.27981643676758,3.800000047683716,3.800000047683716,47.56666603088379
2025-07-11 00:00:00+02:00,19.871166,19.311113,0.2,0.2,66.11219,20.916666,False,16.236845016479492,3.8400000482797623,3.8400000482797623,45.474999237060544
2025-07-14 00:00:00+02:00,21.03575,21.118858,9.400001,9.400001,67.04973,58.583332,False,17.330596733093262,2.6600001245737075,2.6600001245737075,38.38333282470703
2025-07-15 00:00:00+02:00,20.000334,18.9662,0.0,0.0,59.294895,77.375,False,18.566744232177733,1.9200001150369643,1.9200001150369643,42.46666641235352
2025-07-16 00:00:00+02:00,19.419085,17.450226,1.9,1.9,58.89894,62.75,False,19.066444396972656,2.3000001102685927,2.3000001102685927,48.38333282470703
2025-07-17 00:00:00+02:00,19.0795,18.432076,0.0,0.0,62.277134,35.791668,False,19.055694580078125,2.3000001102685927,2.3000001102685927,51.08333320617676
2025-07-18 00:00:00+02:00,21.462835,21.444235,0.0,0.0,55.53364,53.875,False,19.482318878173828,2.2600001096725464,2.2600001096725464,57.675
2025-07-21 00:00:00+02:00,18.764917,18.619833,18.7,18.7,81.01005,93.666664,False,18.9825138092041,4.120000147819519,4.120000147819519,64.69166641235351
2025-07-22 00:00:00+02:00,17.575335,16.710098,16.4,16.4,82.30269,78.458336,False,18.53129348754883,7.400000071525573,7.400000071525573,64.90833358764648
2025-07-23 00:00:00+02:00,18.477417,18.714012,0.4,0.4,76.066826,56.458332,False,18.784050750732423,7.100000077486039,7.100000077486039,63.65
2025-07-24 00:00:00+02:00,17.752417,18.950987,5.4,5.4,84.27903,71.333336,False,18.887833023071288,8.180000096559525,8.180000096559525,70.75833358764649
2025-07-25 00:00:00+02:00,18.935751,20.284365,3.8,3.8,82.01282,33.708332,False,18.655858993530273,8.940000087022781,8.940000087022781,66.725
2025-07-28 00:00:00+02:00,17.154501,16.33559,6.7,6.7,76.21679,56.666668,False,18.1990104675293,6.5399998962879184,6.5399998962879184,59.32500076293945
2025-07-29 00:00:00+02:00,17.152416,16.761753,1.1,1.1,74.91862,54.708332,False,18.20934143066406,3.479999977350235,3.479999977350235,54.575
2025-07-30 00:00:00+02:00,18.175333,17.914293,1.8000001,1.8000001,73.79937,61.458332,False,18.049397659301757,3.759999990463257,3.759999990463257,55.575
2025-07-31 00:00:00+02:00,17.654501,17.641064,11.4,11.4,82.99003,72.791664,False,17.787413024902342,4.959999895095825,4.959999895095825,55.86666564941406
2025-08-01 00:00:00+02:00,17.831583,17.97757,2.1000001,2.1000001,82.17348,75.083336,False,17.32605400085449,4.619999933242798,4.619999933242798,64.14166641235352
2025-08-04 00:00:00+02:00,19.864916,19.652248,1.6,1.6,75.183235,80.166664,False,17.9893856048584,3.5999999761581423,3.5999999761581423,68.84166564941407
2025-08-05 00:00:00+02:00,19.325335,19.405844,5.6,5.6,74.425514,53.125,False,18.518203735351562,4.499999952316284,4.499999952316284,68.52499923706054
2025-08-06 00:00:00+02:00,16.0045,15.609493,0.0,0.0,68.40052,58.708332,False,18.057243728637694,4.13999993801117,4.13999993801117,67.97499923706054
2025-08-07 00:00:00+02:00,18.069082,18.014917,0.0,0.0,68.02249,47.541668,False,18.13201446533203,1.8600000143051147,1.8600000143051147,62.925
2025-08-08 00:00:00+02:00,22.171167,21.870993,0.0,0.0,53.83893,29.5,False,18.910699081420898,1.4399999856948853,1.4399999856948853,53.80833282470703
2025-08-11 00:00:00+02:00,21.571167,20.53145,0.0,0.0,54.130466,0.0,False,19.086539459228515,1.1199999809265138,1.1199999809265138,37.775
2025-08-12 00:00:00+02:00,23.86075,24.550148,0.0,0.0,57.80943,0.6666667,False,20.115400314331055,0.0,0.0,27.283333337306978
2025-08-13 00:00:00+02:00,26.146166,27.632547,0.0,0.0,55.270893,12.375,False,22.520011138916015,0.0,0.0,18.016666924953462
2025-08-14 00:00:00+02:00,26.408667,28.388048,0.1,0.1,58.59917,49.083332,False,24.594637298583983,0.020000000298023225,0.020000000298023225,18.324999749660492
2025-08-15 00:00:00+02:00,25.900331,27.188986,0.0,0.0,59.478973,10.0,False,25.658235931396483,0.020000000298023225,0.020000000298023225,14.424999749660492
2025-08-18 00:00:00+02:00,19.752417,18.771765,0.0,0.0,60.436005,4.2083335,False,25.306298828125,0.020000000298023225,0.020000000298023225,15.266666448116302
2025-08-19 00:00:00+02:00,21.694084,21.470053,0.0,0.0,55.042057,33.875,False,24.69027976989746,0.020000000298023225,0.020000000298023225,21.908333110809327
2025-08-20 00:00:00+02:00,21.144083,20.743101,0.1,0.1,59.346363,95.916664,False,23.312390518188476,0.04000000059604645,0.04000000059604645,38.61666593551636
2025-08-21 00:00:00+02:00,20.752417,19.148096,0.0,0.0,53.41762,60.541668,False,21.46440010070801,0.020000000298023225,0.020000000298023225,40.90833311080932
2025-08-22 00:00:00+02:00,16.84825,14.7471695,0.0,0.0,53.596085,27.625,False,18.976036834716798,0.020000000298023225,0.020000000298023225,44.43333311080933
2025-08-25 00:00:00+02:00,17.292,15.913569,0.0,0.0,52.120438,4.0416665,False,18.404397773742676,0.020000000298023225,0.020000000298023225,44.39999971389771
2025-08-26 00:00:00+02:00,20.108667,19.121138,0.0,0.0,54.949497,59.666668,False,17.934614753723146,0.020000000298023225,0.020000000298023225,49.55833330154419
2025-08-27 00:00:00+02:00,20.279501,21.049887,8.4,8.4,80.5419,51.916668,False,17.995971870422363,1.6799999237060548,1.6799999237060548,40.75833406448364
2025-08-28 00:00:00+02:00,18.777416,19.56362,3.9,3.9,88.36324,98.875,False,18.07907657623291,2.459999942779541,2.459999942779541,48.425000476837155
2025-08-29 00:00:00+02:00,16.867,15.768402,4.0,4.0,79.5947,63.75,False,18.283323097229005,3.259999942779541,3.259999942779541,55.65000047683716
2025-09-01 00:00:00+02:00,17.458666,17.696238,5.2000003,5.2000003,85.65726,87.208336,False,18.6398567199707,4.3,4.3,72.28333435058593
2025-09-02 00:00:00+02:00,16.714916,15.337121,0.8,0.8,74.359344,61.625,False,17.883053398132326,4.460000002384186,4.460000002384186,72.67500076293945
2025-09-03 00:00:00+02:00,19.125334,17.716253,1.3000001,1.3000001,76.63518,82.75,False,17.21632671356201,3.040000092983246,3.040000092983246,78.84166717529297
2025-09-04 00:00:00+02:00,18.51075,17.86998,4.5,4.5,78.32717,74.958336,False,16.877598762512207,3.1600000739097593,3.1600000739097593,74.05833435058594
2025-09-05 00:00:00+02:00,15.875333,15.314194,5.4,5.4,82.267235,45.958332,False,16.78675708770752,3.440000092983246,3.440000092983246,70.50000076293945
2025-09-08 00:00:00+02:00,18.681583,19.852991,2.4,2.4,82.50289,93.666664,False,17.218107795715333,2.880000054836273,2.880000054836273,71.79166641235352
2025-09-09 00:00:00+02:00,16.250334,16.185236,38.5,38.5,86.753075,68.916664,False,17.38773078918457,10.420000052452087,10.420000052452087,73.24999923706055
2025-09-10 00:00:00+02:00,14.846168,14.356078,0.0,0.0,81.51525,66.916664,False,16.715695762634276,10.160000038146972,10.160000038146972,70.08333206176758
2025-09-11 00:00:00+02:00,15.56075,13.671986,8.4,8.4,80.96402,67.958336,False,15.87609691619873,10.939999961853028,10.939999961853028,68.68333206176757
2025-09-12 00:00:00+02:00,14.237834,12.1374445,2.2,2.2,79.27785,52.291668,False,15.2407470703125,10.299999952316284,10.299999952316284,69.94999923706055
2025-09-15 00:00:00+02:00,18.002417,15.912982,4.0,4.0,78.48846,62.833332,False,14.452745246887208,10.619999933242799,10.619999933242799,63.78333282470703
2025-09-16 00:00:00+02:00,14.398251,11.199738,1.2,1.2,72.77528,66.625,False,13.455645561218262,3.159999942779541,3.159999942779541,63.325
2025-09-17 00:00:00+02:00,13.919084,12.626225,0.0,0.0,82.48645,60.5,False,13.109675025939941,3.159999942779541,3.159999942779541,62.04166717529297
2025-09-18 00:00:00+02:00,16.771166,16.739138,0.0,0.0,82.826454,0.7916667,False,13.723105430603027,1.4800000190734863,1.4800000190734863,48.60833333730697
2025-09-19 00:00:00+02:00,18.39825,18.586206,0.0,0.0,72.965485,15.708333,False,15.012857818603516,1.0400000095367432,1.0400000095367432,41.29166635274887
2025-09-22 00:00:00+02:00,11.327416,8.627946,10.400001,10.400001,84.05831,100.0,False,13.555850601196289,2.3200001239776613,2.3200001239776613,48.72499994039536
2025-09-23 00:00:00+02:00,11.192,8.220624,20.8,20.8,80.70231,99.541664,False,12.960027885437011,6.2399999618530275,6.2399999618530275,55.308332765102385
2025-09-24 00:00:00+02:00,9.637834,6.775274,48.8,48.8,94.9132,100.0,False,11.789837551116943,15.999999809265137,15.999999809265137,63.208332765102384
2025-09-25 00:00:00+02:00,9.181583,6.8212605,9.400001,9.400001,95.036285,100.0,False,9.806262111663818,17.879999923706055,17.879999923706055,83.04999942779541
2025-09-26 00:00:00+02:00,11.275333,9.655468,0.4,0.4,85.90561,93.708336,False,8.020114421844482,17.95999992489815,17.95999992489815,98.65
2025-09-29 00:00:00+02:00,12.633667,11.919002,0.0,0.0,85.61875,52.875,False,8.67832555770874,15.87999981045723,15.87999981045723,89.225
2025-09-30 00:00:00+02:00,12.439918,11.528756,2.4,2.4,84.54478,61.5,False,9.339951992034912,12.199999982118607,12.199999982118607,81.61666717529297
2025-10-01 00:00:00+02:00,10.97325,9.160825,0.1,0.1,79.56691,27.75,False,9.817062187194825,2.4600001350045204,2.4600001350045204,67.16666717529297
2025-10-02 00:00:00+02:00,8.958667,6.8067,0.0,0.0,77.44603,29.875,False,9.814150142669678,0.5800000205636024,0.5800000205636024,53.141667175292966
2025-10-03 00:00:00+02:00,10.287833,7.965388,0.6,0.6,73.43154,100.0,False,9.476134109497071,0.6200000241398811,0.6200000241398811,54.4
2025-10-06 00:00:00+02:00,11.656583,9.447795,0.6,0.6,80.61068,94.583336,False,8.981892776489257,0.7400000289082527,0.7400000289082527,62.74166717529297
2025-10-07 00:00:00+02:00,13.717,13.709563,0.0,0.0,90.741936,100.0,False,9.41805419921875,0.2600000098347664,0.2600000098347664,70.44166717529296
2025-10-08 00:00:00+02:00,13.762834,13.661094,0.0,0.0,88.24609,99.958336,False,10.318107986450196,0.24000000953674316,0.24000000953674316,84.88333435058594
2025-10-09 00:00:00+02:00,12.792,12.056102,0.8,0.8,84.56029,67.375,False,11.367988300323486,0.40000001192092893,0.40000001192092893,92.38333435058594
2025-10-10 00:00:00+02:00,11.487834,10.69427,0.0,0.0,87.09649,76.875,False,11.913764762878419,0.28000000715255735,0.28000000715255735,87.75833435058594
2025-10-13 00:00:00+02:00,12.4045,11.203271,0.0,0.0,89.08966,73.625,False,12.26485996246338,0.1600000023841858,0.1600000023841858,83.56666717529296
2025-10-14 00:00:00+02:00,12.68575,11.141713,0.0,0.0,80.56446,73.458336,False,11.75128993988037,0.1600000023841858,0.1600000023841858,78.25833435058594
2025-10-15 00:00:00+02:00,12.483666,11.256433,0.0,0.0,84.43827,58.625,False,11.270357704162597,0.1600000023841858,0.1600000023841858,69.99166717529297
2025-10-16 00:00:00+02:00,11.110751,9.693147,0.2,0.2,84.740265,74.5,False,10.79776668548584,0.04000000059604645,0.04000000059604645,71.41666717529297
2025-10-17 00:00:00+02:00,11.398251,9.921471,0.0,0.0,83.0826,67.041664,False,10.643206787109374,0.04000000059604645,0.04000000059604645,69.45
2025-10-20 00:00:00+02:00,14.131584,12.122783,8.9,8.9,91.16274,89.75,False,10.827109146118165,1.8199999243021012,1.8199999243021012,72.675
2025-10-21 00:00:00+02:00,13.119083,10.466644,3.6,3.6,85.5953,96.458336,False,10.692095375061035,2.5399999052286146,2.5399999052286146,77.275
2025-10-22 00:00:00+02:00,12.964917,12.262494,2.0,2.0,94.40272,99.583336,False,10.89330768585205,2.939999905228615,2.939999905228615,85.46666717529297
2025-10-23 00:00:00+02:00,12.237834,8.327868,11.8,11.8,88.39526,89.625,False,10.62025203704834,5.259999942779541,5.259999942779541,88.49166717529297
2025-10-24 00:00:00+02:00,8.017,3.3063533,5.0,5.0,82.78431,86.166664,False,9.297228574752808,6.259999942779541,6.259999942779541,92.31666717529296
2025-10-27 00:00:00+01:00,8.896167,4.7408433,3.5,3.5,84.23921,66.25,False,7.820840692520141,5.1800000190734865,5.1800000190734865,87.61666717529297
2025-10-28 00:00:00+01:00,10.41075,7.013806,1.4,1.4,90.15156,91.916664,False,7.130273008346558,4.740000033378601,4.740000033378601,86.70833282470703
2025-10-29 00:00:00+01:00,12.656583,10.465482,4.0,4.0,85.0291,99.875,False,6.770870542526245,5.140000033378601,5.140000033378601,86.76666564941407
2025-10-30 00:00:00+01:00,10.052417,7.286735,4.3,4.3,82.13697,71.708336,False,6.5626438617706295,3.640000033378601,3.640000033378601,83.18333282470704
2025-10-31 00:00:00+01:00,9.392,7.2236857,0.0,0.0,84.76757,81.458336,False,7.3461103439331055,2.640000033378601,2.640000033378601,82.24166717529297
2025-11-03 00:00:00+01:00,9.031583,6.3591957,0.1,0.1,90.101685,78.625,False,7.669780826568603,1.9600000336766243,1.9600000336766243,84.71666717529297
2025-11-04 00:00:00+01:00,11.208667,8.959244,0.0,0.0,81.90786,90.875,False,8.058868408203125,1.6800000384449958,1.6800000384449958,84.50833435058594
2025-11-05 00:00:00+01:00,10.552417,7.8188653,0.0,0.0,67.66532,63.041668,False,7.52954511642456,0.8800000384449959,0.8800000384449959,77.14166793823242
2025-11-06 00:00:00+01:00,8.850333,6.422458,0.0,0.0,74.37081,78.416664,False,7.356689739227295,0.020000000298023225,0.020000000298023225,78.48333358764648
2025-11-07 00:00:00+01:00,7.0795,5.280556,0.0,0.0,84.86562,51.583332,False,6.968063831329346,0.020000000298023225,0.020000000298023225,72.50833282470703
2025-11-10 00:00:00+01:00,6.9649167,4.788144,0.4,0.4,93.53916,99.875,False,6.653853511810302,0.0800000011920929,0.0800000011920929,76.75833282470703
2025-11-11 00:00:00+01:00,9.89825,7.6270847,0.2,0.2,89.28921,81.25,False,6.387421703338623,0.12000000178813934,0.12000000178813934,74.83333282470703
2025-11-12 00:00:00+01:00,10.046166,7.6223197,0.0,0.0,83.64422,94.833336,False,6.3481125831604,0.12000000178813934,0.12000000178813934,81.19166641235351
2025-11-13 00:00:00+01:00,13.37325,11.3162,0.0,0.0,78.33082,94.5,False,7.326861000061035,0.12000000178813934,0.12000000178813934,84.40833358764648
2025-11-14 00:00:00+01:00,14.721168,12.124996,0.2,0.2,61.84367,98.416664,False,8.695748996734618,0.1600000023841858,0.1600000023841858,93.775
2025-11-17 00:00:00+01:00,5.0503335,1.3217036,0.3,0.3,76.166084,45.0,False,8.002460885047913,0.14000000357627868,0.14000000357627868,82.8
2025-11-18 00:00:00+01:00,0.9878333,-2.406133,0.0,0.0,89.192696,47.791668,False,5.995817351341247,0.10000000298023223,0.10000000298023223,76.10833358764648
2025-11-19 00:00:00+01:00,2.7419999,-1.7079722,8.2,4.9,93.621254,99.5,False,4.129758977890015,1.0800000220537185,1.7399999648332596,77.04166641235352
2025-11-20 00:00:00+01:00,2.0211666,-1.4536734,1.6,0.49999997,90.516075,91.166664,False,1.5757842540740967,1.180000016093254,2.0599999696016313,76.37499923706055
2025-11-21 00:00:00+01:00,0.20658334,-3.3213522,0.4,0.0,84.17635,36.958332,False,-1.5134854316711426,1.1400000154972076,2.0999999701976777,64.08333282470703
2025-11-24 00:00:00+01:00,4.09825,0.91302294,2.6,2.6,97.681206,88.958336,False,-1.5952215552330018,1.5999999940395355,2.5599999487400056,72.875
2025-11-25 00:00:00+01:00,4.49825,1.749245,1.5,1.5,96.294945,98.0,False,-0.7641459584236145,1.8999999940395356,2.8599999487400054,82.91666641235352
2025-11-26 00:00:00+01:00,3.88575,0.80338883,0.1,0.1,85.47461,91.875,False,-0.26187375783920286,0.9399999752640724,1.2399999871850014,81.39166641235352
2025-11-27 00:00:00+01:00,2.8170002,-0.7868428,0.8,0.8,87.757996,83.416664,False,-0.12850764989852906,0.9999999836087227,1.0799999848008155,79.84166641235352
2025-11-28 00:00:00+01:00,5.9961667,2.8601468,3.2,3.2,96.18381,100.0,False,1.1077921509742736,1.6399999931454659,1.6399999931454659,92.45
2025-12-01 00:00:00+01:00,2.3774168,-1.323878,0.0,0.0,89.02066,75.875,False,0.6604119539260864,1.1200000122189522,1.1200000122189522,89.83333282470703
2025-12-02 00:00:00+01:00,4.942,1.3069903,1.5,1.5,88.8373,100.0,False,0.5719609975814819,1.1200000122189522,1.1200000122189522,90.23333282470703
2025-12-03 00:00:00+01:00,6.544083,4.4683723,1.9000001,1.9000001,92.35672,98.208336,False,1.3049576997756958,1.4800000309944152,1.4800000309944152,91.5
2025-12-04 00:00:00+01:00,5.8107505,2.8063955,1.2,1.2,91.716835,98.833336,False,2.0236053705215453,1.5600000381469727,1.5600000381469727,94.58333435058594
2025-12-05 00:00:00+01:00,5.22325,2.5496547,0.6,0.6,93.035126,92.416664,False,1.961506962776184,1.040000033378601,1.040000033378601,93.06666717529296
2025-12-08 00:00:00+01:00,12.88575,11.018939,2.7,2.7,95.31089,99.875,False,4.430070376396179,1.5800000429153442,1.5800000429153442,97.86666717529297
2025-12-09 00:00:00+01:00,10.033668,7.9013896,0.0,0.0,93.1521,81.291664,False,5.748950242996216,1.2800000429153442,1.2800000429153442,94.125
2025-12-10 00:00:00+01:00,10.06075,8.234272,6.0,6.0,96.9374,92.708336,False,6.502130174636841,2.100000023841858,2.100000023841858,93.025
2025-12-11 00:00:00+01:00,8.408667,6.907837,0.0,0.0,92.77642,82.5,False,7.322418451309204,1.8600000143051147,1.8600000143051147,89.75833282470703
2025-12-12 00:00:00+01:00,6.4899173,4.7318635,0.0,0.0,95.83993,97.458336,False,7.7588602066040036,1.7400000095367432,1.7400000095367432,90.76666717529297
2025-12-15 00:00:00+01:00,6.5336666,3.3741467,0.0,0.0,89.44263,71.583336,False,6.229901742935181,1.2,1.2,85.10833435058593
2025-12-16 00:00:00+01:00,5.71075,3.2249196,0.1,0.1,81.49512,84.625,False,5.294607734680175,1.2200000002980231,1.2200000002980231,85.7750015258789
2025-12-17 00:00:00+01:00,5.0378337,2.414693,0.0,0.0,94.593056,54.916668,False,4.130691957473755,0.020000000298023225,0.020000000298023225,78.21666793823242
2025-12-18 00:00:00+01:00,8.996167,5.7759914,0.0,0.0,89.87747,97.541664,False,3.904322862625122,0.020000000298023225,0.020000000298023225,81.22500076293946
2025-12-19 00:00:00+01:00,10.225333,7.754835,3.1000001,3.1000001,89.604774,99.875,False,4.508917188644409,0.6400000289082527,0.6400000289082527,81.70833358764648
2025-12-22 00:00:00+01:00,2.9836667,0.06402268,0.0,0.0,89.11014,99.833336,False,3.846892385184765,0.6400000289082527,0.6400000289082527,87.35833358764648
2025-12-23 00:00:00+01:00,3.7211666,-0.5473423,0.0,0.0,80.946754,96.375,False,3.092440013587475,0.6200000286102295,0.6200000286102295,89.70833358764648
2025-12-24 00:00:00+01:00,0.80658334,-5.5426803,0.0,0.0,69.935974,82.541664,False,1.5009653374552727,0.6200000286102295,0.6200000286102295,95.23333282470703
2025-12-25 00:00:00+01:00,-0.81841666,-6.3792057,0.0,0.0,70.566734,21.708334,False,-0.9300740912556649,0.6200000286102295,0.6200000286102295,80.06666679382325
2025-12-26 00:00:00+01:00,-0.016333317,-4.534186,0.0,0.0,80.3523,1.6666666,False,-3.387878294289112,0.0,0.0,60.42500011920929
2025-12-29 00:00:00+01:00,0.012833322,-3.8463414,0.0,0.0,76.06231,37.708332,False,-4.169951105117798,0.0,0.0,47.99999935626984
2025-12-30 00:00:00+01:00,1.0732499,-2.5245779,0.0,0.0,82.00637,54.083332,False,-4.565398216247559,0.0,0.0,39.54166576862335
2025-12-31 00:00:00+01:00,-0.6788333,-4.06858,0.0,0.0,88.00431,66.125,False,-4.270578193664551,0.0,0.0,36.25833294391632
2026-01-01 00:00:00+01:00,0.7711666,-4.18015,0.2,0.1,93.05491,99.125,False,-3.830767059326172,0.020000000298023225,0.04000000059604645,51.74166615009308
2026-01-02 00:00:00+01:00,0.9690833,-4.032472,3.5,0.8,88.47739,83.125,False,-3.7304243087768554,0.180000002682209,0.7400000005960464,68.03333282470703
2026-01-05 00:00:00+01:00,-3.36425,-7.703298,2.1,0.1,89.21558,77.625,False,-4.50181565284729,0.20000000298023224,1.1599999815225601,76.01666641235352
2026-01-06 00:00:00+01:00,-1.6038333,-5.346253,0.0,0.0,85.466606,93.875,False,-5.066150665283203,0.20000000298023224,1.1599999815225601,83.975
2026-01-07 00:00:00+01:00,-2.0288334,-7.277119,0.90000004,0.0,85.162056,100.0,False,-5.707858467102051,0.20000000298023224,1.3399999886751175,90.75
2026-01-08 00:00:00+01:00,1.4711667,-2.4587147,6.8,6.3,95.91111,100.0,False,-5.363571405410767,1.4400000408291818,2.6600000262260437,90.925
2026-01-09 00:00:00+01:00,3.9294999,-1.6494808,18.9,18.4,95.75199,99.875,False,-4.886973142623901,4.95999996215105,5.739999949932098,94.275
2026-01-12 00:00:00+01:00,3.5399168,-0.680845,4.1,3.9,92.11401,100.0,False,-3.4824825286865235,5.719999980926514,6.139999949932099,98.75
2026-01-13 00:00:00+01:00,7.5503335,4.521896,0.7,0.7,93.00537,98.625,False,-1.508852767944336,5.859999978542328,6.279999947547912,99.7
2026-01-14 00:00:00+01:00,7.9565835,5.4250774,3.0,3.0,95.62222,100.0,False,1.0315865516662597,6.459999978542328,6.699999940395355,99.7
2026-01-15 00:00:00+01:00,8.719083,5.5742364,0.4,0.4,89.5477,91.875,False,2.638176774978638,5.279999941587448,5.419999903440475,98.075
2026-01-16 00:00:00+01:00,8.671166,5.901879,0.90000004,0.90000004,86.61633,99.166664,False,4.148448705673218,1.7800000250339507,1.819999986886978,97.93333282470704
2026-01-19 00:00:00+01:00,1.3586668,-1.0551621,0.0,0.0,94.70016,92.166664,False,4.073585295677185,1.0000000059604646,1.0000000059604646,96.36666564941406
2026-01-20 00:00:00+01:00,0.13991667,-2.561344,0.0,0.0,93.72064,95.416664,False,2.656937336921692,0.8600000083446503,0.8600000083446503,95.7249984741211
2026-01-21 00:00:00+01:00,1.5086666,-1.6061249,0.0,0.0,83.97159,87.583336,False,1.250696873664856,0.26000000834465026,0.26000000834465026,93.24166564941406
2026-01-22 00:00:00+01:00,1.8524166,-1.4741503,0.1,0.1,83.77717,75.5,False,-0.15898046493530274,0.2000000074505806,0.2000000074505806,89.96666564941407
2026-01-23 00:00:00+01:00,4.7190833,1.5412045,0.1,0.1,84.07571,80.833336,False,-1.0311153411865235,0.04000000059604645,0.04000000059604645,86.3
2026-01-26 00:00:00+01:00,1.9149166,-1.3595076,0.1,0.1,88.962715,98.916664,False,-1.0919844388961792,0.06000000089406967,0.06000000089406967,87.65
2026-01-27 00:00:00+01:00,3.7878335,0.5605794,5.2,5.2,93.59614,99.875,False,-0.46759977340698244,1.099999962747097,1.099999962747097,88.54166717529297
2026-01-28 00:00:00+01:00,4.789917,2.579476,5.1000004,5.1000004,97.32337,100.0,False,0.3695204257965088,2.1200000390410425,2.1200000390410425,91.025
2026-01-29 00:00:00+01:00,3.5544999,0.9085606,3.5,3.3,90.3273,92.5,False,0.8460626006126404,2.760000029206276,2.8000000387430193,94.425
2026-01-30 00:00:00+01:00,2.6149168,-0.5380413,0.1,0.1,90.92014,68.458336,False,0.43021345138549805,2.760000029206276,2.8000000387430193,91.95
2026-02-02 00:00:00+01:00,4.967,1.4518008,2.8,2.8,87.47938,88.541664,False,0.9924751281738281,3.3000000193715096,3.3400000289082525,89.875
2026-02-03 00:00:00+01:00,4.3003335,0.84306616,4.1,4.1,91.822945,91.916664,False,1.048972475528717,3.0800000384449957,3.120000047981739,88.28333282470703
2026-02-04 00:00:00+01:00,4.0940833,0.97239953,0.0,0.0,88.224976,53.375,False,0.7275571584701538,2.0599999621510507,2.0999999716877937,78.95833282470703
2026-02-05 00:00:00+01:00,3.4420002,0.7104849,0.5,0.5,89.968605,82.916664,False,0.6879420280456543,1.4999999716877936,1.4999999716877936,77.04166564941406
2026-02-06 00:00:00+01:00,4.5253334,1.8454823,1.4000001,1.4000001,95.32911,93.125,False,1.1646467566490173,1.7599999904632568,1.7599999904632568,81.9749984741211
2026-02-09 00:00:00+01:00,4.6628337,1.8611778,0.0,0.0,86.305115,95.791664,False,1.2465221524238586,1.2,1.2,83.4249984741211
2026-02-10 00:00:00+01:00,6.517,3.2764328,3.6000001,3.4,91.767235,91.958336,False,1.7331954717636109,1.0600000381469727,1.1000000476837157,83.43333282470704
2026-02-11 00:00:00+01:00,9.375333,6.127814,14.9,14.9,93.559975,96.666664,False,2.764278328418732,4.039999961853027,4.07999997138977,92.09166564941407
2026-02-12 00:00:00+01:00,8.7545,5.065526,10.9,10.9,89.394905,93.458336,False,3.635286545753479,6.119999885559082,6.159999895095825,94.2
2026-02-13 00:00:00+01:00,7.594084,4.405425,1.3000001,1.3000001,84.84703,96.875,False,4.14727509021759,6.09999988079071,6.139999890327454,94.95
2026-02-16 00:00:00+01:00,4.4399166,0.4692402,7.7000003,6.1,91.755455,91.416664,False,3.8688875675201415,7.319999861717224,7.679999947547913,94.075
2026-02-17 00:00:00+01:00,3.7190835,-0.5719477,1.3,1.0,83.252594,85.416664,False,3.0992114782333373,6.839999842643738,7.21999990940094,92.76666564941407
2026-02-18 00:00:00+01:00,2.5440834,-1.2853261,5.0,3.1,78.96017,99.791664,False,1.616583490371704,4.479999899864197,5.239999985694885,93.39166564941407
2026-02-19 00:00:00+01:00,4.3461666,0.40060818,4.3,4.3,89.34537,95.416664,False,0.6835999250411987,3.1600000143051146,3.920000100135803,93.78333129882813
2026-02-20 00:00:00+01:00,4.3253336,1.0492862,1.2,1.2,87.24268,99.625,False,0.012372159957885742,3.140000009536743,3.9000000953674316,94.33333129882813
2026-02-23 00:00:00+01:00,10.400333,6.75905,2.5,2.5,81.372215,97.333336,False,1.2703341007232667,2.4200000286102297,2.8600000381469726,95.51666564941407
2026-02-24 00:00:00+01:00,11.392001,9.996861,2.2,2.2,91.120094,86.958336,False,3.3840959310531615,2.660000038146973,3.040000057220459,95.825
2026-02-25 00:00:00+01:00,11.137834,10.1305895,0.0,0.0,86.8617,68.25,False,5.667279052734375,2.040000057220459,2.040000057220459,89.51666717529297
2026-02-26 00:00:00+01:00,10.483666,8.510635,0.0,0.0,86.03542,42.208332,False,7.289284491539002,1.1800000190734863,1.1800000190734863,78.87500076293945
2026-02-27 00:00:00+01:00,12.187833,9.917302,0.0,0.0,78.9115,25.583334,False,9.06288766860962,0.9400000095367431,0.9400000095367431,64.0666675567627
2026-03-02 00:00:00+01:00,8.377417,5.958547,0.0,0.0,75.406204,0.6666667,False,8.902787113189698,0.4400000095367432,0.4400000095367432,44.733333718776706
2026-03-03 00:00:00+01:00,9.039917,7.398142,0.0,0.0,74.60308,8.125,False,8.383043193817139,0.0,0.0,28.966666543483733
2026-03-04 00:00:00+01:00,8.825334,6.919882,0.0,0.0,75.46611,4.3333335,False,7.74090166091919,0.0,0.0,16.183333241939543
2026-03-05 00:00:00+01:00,9.642,7.310388,0.0,0.0,68.188835,15.166667,False,7.50085220336914,0.0,0.0,10.77500022649765
2026-03-06 00:00:00+01:00,9.671166,7.9521995,0.0,0.0,73.88317,66.916664,False,7.10783166885376,0.0,0.0,19.04166625738144
2026-03-09 00:00:00+01:00,9.846167,8.472075,0.6,0.6,78.29464,35.916668,False,7.610537338256836,0.12000000476837158,0.12000000476837158,26.091666507720948
2026-03-10 00:00:00+01:00,10.014916,7.85763,0.2,0.2,80.364075,58.083332,False,7.702434921264649,0.16000000536441802,0.16000000536441802,36.08333292007446
2026-03-11 00:00:00+01:00,8.750334,5.842396,5.7,5.7,93.94672,95.916664,False,7.486937713623047,1.2999999672174454,1.2999999672174454,54.39999904632568
2026-03-12 00:00:00+01:00,7.1503334,3.6687682,0.2,0.2,77.84899,45.125,False,6.758613729476929,1.3399999678134917,1.3399999678134917,60.391665649414065
2026-03-13 00:00:00+01:00,8.702416,4.80144,10.5,10.5,83.54845,87.625,False,6.128461790084839,3.439999967813492,3.439999967813492,64.53333282470703
2026-03-16 00:00:00+01:00,6.892,2.9628496,3.8,2.1,76.31935,72.125,False,5.026616621017456,3.739999943971634,4.079999953508377,71.77499923706054
2026-03-17 00:00:00+01:00,9.062834,7.203242,0.0,0.0,82.87699,96.083336,False,4.895739030838013,3.6999999433755875,4.03999995291233,79.375
2026-03-18 00:00:00+01:00,8.827416,4.980418,0.0,0.0,63.73183,9.708333,False,4.7233435153961185,2.55999998152256,2.8999999910593033,62.13333377838135
2026-03-19 00:00:00+01:00,9.18575,5.6692357,0.0,0.0,63.440884,10.208333,False,5.123437023162841,2.5199999809265137,2.859999990463257,55.150000381469724
2026-03-20 00:00:00+01:00,8.952416,5.9265957,0.0,0.0,63.23493,46.333332,False,5.348468208312989,0.4199999809265137,0.7599999904632568,46.89166679382324
2026-03-23 00:00:00+01:00,8.356584,5.9031563,0.0,0.0,65.642296,62.583332,False,5.936529541015625,0.0,0.0,44.98333320617676
2026-03-24 00:00:00+01:00,9.489917,6.400023,0.0,0.0,66.17761,97.541664,False,5.775885772705078,0.0,0.0,45.27499885559082
2026-03-25 00:00:00+01:00,7.27325,3.0445738,11.7,6.3,79.567276,77.291664,False,5.3887168884277346,1.2600000381469727,2.339999961853027,58.79166507720947
2026-03-26 00:00:00+01:00,3.8649168,-0.35005355,1.2,0.7,76.43689,51.583332,False,4.184859037399292,1.4000000357627869,2.5799999713897703,67.06666488647461
2026-03-27 00:00:00+01:00,3.18575,-0.021763066,0.0,0.0,70.35404,61.083332,False,2.9951872866600753,1.4000000357627869,2.5799999713897703,70.01666488647462
2026-03-30 00:00:00+02:00,6.61075,2.1332994,3.5,3.4,75.361046,75.791664,False,2.2412159007042645,2.0800000548362734,3.2799999713897705,72.65833129882813
2026-03-31 00:00:00+02:00,5.544083,2.11708,0.8,0.8,76.10681,46.583332,False,1.3846272986382246,2.240000057220459,3.4399999737739564,62.46666488647461
2026-04-01 00:00:00+02:00,7.3795,4.7826595,0.2,0.2,70.87498,53.25,False,1.732244447991252,1.0200000196695327,1.1400000125169754,57.65833206176758
2026-04-02 00:00:00+02:00,6.242,3.5856926,0.0,0.0,72.435814,42.458332,False,2.519393686577678,0.8800000220537185,0.9000000029802322,55.83333206176758
2026-04-03 00:00:00+02:00,7.2774167,4.1775746,0.0,0.0,78.47225,90.291664,False,3.359261226654053,0.8800000220537185,0.9000000029802322,61.6749984741211
2026-04-06 00:00:00+02:00,8.46075,6.3003407,0.0,0.0,68.59212,80.583336,False,4.192669486999511,0.20000000298023224,0.20000000298023224,62.63333282470703
2026-04-07 00:00:00+02:00,10.775333,8.117282,0.0,0.0,64.67743,1.25,False,5.392709875106812,0.04000000059604645,0.04000000059604645,53.56666641235351
2026-04-08 00:00:00+02:00,12.375333,9.892609,0.0,0.0,57.312885,4.75,False,6.414699697494507,0.0,0.0,43.86666641235352
2026-04-09 00:00:00+02:00,12.812833,10.988327,0.0,0.0,58.37882,63.125,False,7.895226573944091,0.0,0.0,48.0
2026-04-10 00:00:00+02:00,11.204501,8.7827215,1.6,1.6,64.99521,99.916664,False,8.816255950927735,0.3200000047683716,0.3200000047683716,49.925
2026-04-13 00:00:00+02:00,7.9649167,5.9148936,2.9,2.9,81.576904,99.791664,False,8.73916654586792,0.900000023841858,0.900000023841858,53.766665649414065
2026-04-14 00:00:00+02:00,9.26075,7.5198174,0.0,0.0,75.50268,51.958332,False,8.61967363357544,0.900000023841858,0.900000023841858,63.90833206176758
2026-04-15 00:00:00+02:00,10.792,8.876957,0.0,0.0,71.937416,50.875,False,8.416543292999268,0.900000023841858,0.900000023841858,73.13333206176758
2026-04-16 00:00:00+02:00,12.954499,11.471383,0.4,0.4,74.77515,50.416668,False,8.51315450668335,0.9800000250339508,0.9800000250339508,70.59166564941407
2026-04-17 00:00:00+02:00,12.952416,11.935723,0.0,0.0,73.18812,72.833336,False,9.143754863739014,0.6600000202655792,0.6600000202655792,65.175
2026-04-20 00:00:00+02:00,9.114917,6.1121745,0.0,0.0,68.514565,41.0,False,9.183211040496825,0.0800000011920929,0.0800000011920929,53.41666717529297
2026-04-21 00:00:00+02:00,8.294084,4.600347,0.4,0.4,66.79789,36.0,False,8.59931697845459,0.1600000023841858,0.1600000023841858,50.22500076293945
2026-04-22 00:00:00+02:00,10.2295,6.53062,0.0,0.0,54.854572,0.16666667,False,8.13004961013794,0.1600000023841858,0.1600000023841858,40.083334097266196
2026-04-23 00:00:00+02:00,11.9045,9.12643,0.0,0.0,54.169384,0.29166666,False,7.6610589027404785,0.0800000011920929,0.0800000011920929,30.058333840966224
2026-04-24 00:00:00+02:00,12.2295,9.4683075,0.0,0.0,52.528698,13.541667,False,7.167575740814209,0.0800000011920929,0.0800000011920929,18.200000062584877
2026-04-27 00:00:00+02:00,14.569084,11.7414255,0.0,0.0,45.400757,95.333336,False,8.293425941467286,0.0800000011920929,0.0800000011920929,29.066667237877844
